role	name
target	TOTEXP23
forbidden_predictor	DVTEXP23
forbidden_predictor	DVTMCD23
forbidden_predictor	DVTMCR23
forbidden_predictor	DVTOFD23
forbidden_predictor	DVTOSR23
forbidden_predictor	DVTOT23
forbidden_predictor	DVTOTH23
forbidden_predictor	DVTPRV23
forbidden_predictor	DVTPTR23
forbidden_predictor	DVTSLF23
forbidden_predictor	DVTSTL23
forbidden_predictor	DVTTCH23
forbidden_predictor	DVTTRI23
forbidden_predictor	DVTVA23
forbidden_predictor	DVTWCP23
forbidden_predictor	ERDEXP23
forbidden_predictor	ERDMCD23
forbidden_predictor	ERDMCR23
forbidden_predictor	ERDOFD23
forbidden_predictor	ERDOSR23
forbidden_predictor	ERDOTH23
forbidden_predictor	ERDPRV23
forbidden_predictor	ERDPTR23
forbidden_predictor	ERDSLF23
forbidden_predictor	ERDSTL23
forbidden_predictor	ERDTCH23
forbidden_predictor	ERDTRI23
forbidden_predictor	ERDVA23
forbidden_predictor	ERDWCP23
forbidden_predictor	ERFEXP23
forbidden_predictor	ERFMCD23
forbidden_predictor	ERFMCR23
forbidden_predictor	ERFOFD23
forbidden_predictor	ERFOSR23
forbidden_predictor	ERFOTH23
forbidden_predictor	ERFPRV23
forbidden_predictor	ERFPTR23
forbidden_predictor	ERFSLF23
forbidden_predictor	ERFSTL23
forbidden_predictor	ERFTCH23
forbidden_predictor	ERFTRI23
forbidden_predictor	ERFVA23
forbidden_predictor	ERFWCP23
forbidden_predictor	ERTEXP23
forbidden_predictor	ERTMCD23
forbidden_predictor	ERTMCR23
forbidden_predictor	ERTOFD23
forbidden_predictor	ERTOSR23
forbidden_predictor	ERTOT23
forbidden_predictor	ERTOTH23
forbidden_predictor	ERTPRV23
forbidden_predictor	ERTPTR23
forbidden_predictor	ERTSLF23
forbidden_predictor	ERTSTL23
forbidden_predictor	ERTTCH23
forbidden_predictor	ERTTRI23
forbidden_predictor	ERTVA23
forbidden_predictor	ERTWCP23
forbidden_predictor	HHAEXP23
forbidden_predictor	HHAMCD23
forbidden_predictor	HHAMCR23
forbidden_predictor	HHAOFD23
forbidden_predictor	HHAOSR23
forbidden_predictor	HHAOTH23
forbidden_predictor	HHAPRV23
forbidden_predictor	HHAPTR23
forbidden_predictor	HHASLF23
forbidden_predictor	HHASTL23
forbidden_predictor	HHATCH23
forbidden_predictor	HHATRI23
forbidden_predictor	HHAVA23
forbidden_predictor	HHAWCP23
forbidden_predictor	HHNEXP23
forbidden_predictor	HHNMCD23
forbidden_predictor	HHNMCR23
forbidden_predictor	HHNOFD23
forbidden_predictor	HHNOSR23
forbidden_predictor	HHNOTH23
forbidden_predictor	HHNPRV23
forbidden_predictor	HHNPTR23
forbidden_predictor	HHNSLF23
forbidden_predictor	HHNSTL23
forbidden_predictor	HHNTCH23
forbidden_predictor	HHNTRI23
forbidden_predictor	HHNVA23
forbidden_predictor	HHNWCP23
forbidden_predictor	IPDEXP23
forbidden_predictor	IPDIS23
forbidden_predictor	IPDMCD23
forbidden_predictor	IPDMCR23
forbidden_predictor	IPDOFD23
forbidden_predictor	IPDOSR23
forbidden_predictor	IPDOTH23
forbidden_predictor	IPDPRV23
forbidden_predictor	IPDPTR23
forbidden_predictor	IPDSLF23
forbidden_predictor	IPDSTL23
forbidden_predictor	IPDTCH23
forbidden_predictor	IPDTRI23
forbidden_predictor	IPDVA23
forbidden_predictor	IPDWCP23
forbidden_predictor	IPFEXP23
forbidden_predictor	IPFMCD23
forbidden_predictor	IPFMCR23
forbidden_predictor	IPFOFD23
forbidden_predictor	IPFOSR23
forbidden_predictor	IPFOTH23
forbidden_predictor	IPFPRV23
forbidden_predictor	IPFPTR23
forbidden_predictor	IPFSLF23
forbidden_predictor	IPFSTL23
forbidden_predictor	IPFTCH23
forbidden_predictor	IPFTRI23
forbidden_predictor	IPFVA23
forbidden_predictor	IPFWCP23
forbidden_predictor	IPNGTD23
forbidden_predictor	IPTEXP23
forbidden_predictor	IPTMCD23
forbidden_predictor	IPTMCR23
forbidden_predictor	IPTOFD23
forbidden_predictor	IPTOSR23
forbidden_predictor	IPTOTH23
forbidden_predictor	IPTPRV23
forbidden_predictor	IPTPTR23
forbidden_predictor	IPTSLF23
forbidden_predictor	IPTSTL23
forbidden_predictor	IPTTCH23
forbidden_predictor	IPTTRI23
forbidden_predictor	IPTVA23
forbidden_predictor	IPTWCP23
forbidden_predictor	OBDEXP23
forbidden_predictor	OBDMCD23
forbidden_predictor	OBDMCR23
forbidden_predictor	OBDOFD23
forbidden_predictor	OBDOSR23
forbidden_predictor	OBDOTH23
forbidden_predictor	OBDPRV23
forbidden_predictor	OBDPTR23
forbidden_predictor	OBDRV23
forbidden_predictor	OBDSLF23
forbidden_predictor	OBDSTL23
forbidden_predictor	OBDTCH23
forbidden_predictor	OBDTRI23
forbidden_predictor	OBDVA23
forbidden_predictor	OBDWCP23
forbidden_predictor	OBTOTV23
forbidden_predictor	OBVEXP23
forbidden_predictor	OBVMCD23
forbidden_predictor	OBVMCR23
forbidden_predictor	OBVOFD23
forbidden_predictor	OBVOSR23
forbidden_predictor	OBVOTH23
forbidden_predictor	OBVPRV23
forbidden_predictor	OBVPTR23
forbidden_predictor	OBVSLF23
forbidden_predictor	OBVSTL23
forbidden_predictor	OBVTCH23
forbidden_predictor	OBVTRI23
forbidden_predictor	OBVVA23
forbidden_predictor	OBVWCP23
forbidden_predictor	OPDEXP23
forbidden_predictor	OPDMCD23
forbidden_predictor	OPDMCR23
forbidden_predictor	OPDOFD23
forbidden_predictor	OPDOSR23
forbidden_predictor	OPDOTH23
forbidden_predictor	OPDPRV23
forbidden_predictor	OPDPTR23
forbidden_predictor	OPDRV23
forbidden_predictor	OPDSLF23
forbidden_predictor	OPDSTL23
forbidden_predictor	OPDTCH23
forbidden_predictor	OPDTRI23
forbidden_predictor	OPDVA23
forbidden_predictor	OPDWCP23
forbidden_predictor	OPFEXP23
forbidden_predictor	OPFMCD23
forbidden_predictor	OPFMCR23
forbidden_predictor	OPFOFD23
forbidden_predictor	OPFOSR23
forbidden_predictor	OPFOTH23
forbidden_predictor	OPFPRV23
forbidden_predictor	OPFPTR23
forbidden_predictor	OPFSLF23
forbidden_predictor	OPFSTL23
forbidden_predictor	OPFTCH23
forbidden_predictor	OPFTRI23
forbidden_predictor	OPFVA23
forbidden_predictor	OPFWCP23
forbidden_predictor	OPSEXP23
forbidden_predictor	OPSMCD23
forbidden_predictor	OPSMCR23
forbidden_predictor	OPSOFD23
forbidden_predictor	OPSOSR23
forbidden_predictor	OPSOTH23
forbidden_predictor	OPSPRV23
forbidden_predictor	OPSPTR23
forbidden_predictor	OPSSLF23
forbidden_predictor	OPSSTL23
forbidden_predictor	OPSTCH23
forbidden_predictor	OPSTRI23
forbidden_predictor	OPSVA23
forbidden_predictor	OPSWCP23
forbidden_predictor	OPTEXP23
forbidden_predictor	OPTMCD23
forbidden_predictor	OPTMCR23
forbidden_predictor	OPTOFD23
forbidden_predictor	OPTOSR23
forbidden_predictor	OPTOTH23
forbidden_predictor	OPTOTV23
forbidden_predictor	OPTPRV23
forbidden_predictor	OPTPTR23
forbidden_predictor	OPTSLF23
forbidden_predictor	OPTSTL23
forbidden_predictor	OPTTCH23
forbidden_predictor	OPTTRI23
forbidden_predictor	OPTVA23
forbidden_predictor	OPTWCP23
forbidden_predictor	OPVEXP23
forbidden_predictor	OPVMCD23
forbidden_predictor	OPVMCR23
forbidden_predictor	OPVOFD23
forbidden_predictor	OPVOSR23
forbidden_predictor	OPVOTH23
forbidden_predictor	OPVPRV23
forbidden_predictor	OPVPTR23
forbidden_predictor	OPVSLF23
forbidden_predictor	OPVSTL23
forbidden_predictor	OPVTCH23
forbidden_predictor	OPVTRI23
forbidden_predictor	OPVVA23
forbidden_predictor	OPVWCP23
forbidden_predictor	OTHEXP23
forbidden_predictor	OTHMCD23
forbidden_predictor	OTHMCR23
forbidden_predictor	OTHOFD23
forbidden_predictor	OTHOSR23
forbidden_predictor	OTHOTH23
forbidden_predictor	OTHPRV23
forbidden_predictor	OTHPTR23
forbidden_predictor	OTHSLF23
forbidden_predictor	OTHSTL23
forbidden_predictor	OTHTCH23
forbidden_predictor	OTHTRI23
forbidden_predictor	OTHVA23
forbidden_predictor	OTHWCP23
forbidden_predictor	RXEXP23
forbidden_predictor	RXMCD23
forbidden_predictor	RXMCR23
forbidden_predictor	RXOFD23
forbidden_predictor	RXOSR23
forbidden_predictor	RXOTH23
forbidden_predictor	RXPRV23
forbidden_predictor	RXPTR23
forbidden_predictor	RXSLF23
forbidden_predictor	RXSTL23
forbidden_predictor	RXTOT23
forbidden_predictor	RXTRI23
forbidden_predictor	RXVA23
forbidden_predictor	RXWCP23
forbidden_predictor	TOTMCD23
forbidden_predictor	TOTMCR23
forbidden_predictor	TOTOFD23
forbidden_predictor	TOTOSR23
forbidden_predictor	TOTOTH23
forbidden_predictor	TOTPRV23
forbidden_predictor	TOTPTR23
forbidden_predictor	TOTSLF23
forbidden_predictor	TOTSTL23
forbidden_predictor	TOTTCH23
forbidden_predictor	TOTTRI23
forbidden_predictor	TOTVA23
forbidden_predictor	TOTWCP23
forbidden_predictor	VISEXP23
forbidden_predictor	VISMCD23
forbidden_predictor	VISMCR23
forbidden_predictor	VISOFD23
forbidden_predictor	VISOSR23
forbidden_predictor	VISOTH23
forbidden_predictor	VISPRV23
forbidden_predictor	VISPTR23
forbidden_predictor	VISSLF23
forbidden_predictor	VISSTL23
forbidden_predictor	VISTCH23
forbidden_predictor	VISTRI23
forbidden_predictor	VISVA23
forbidden_predictor	VISWCP23
allowed_predictor	DUID
allowed_predictor	PID
allowed_predictor	DUPERSID
allowed_predictor	PANEL
allowed_predictor	DATAYEAR
allowed_predictor	FAMID31
allowed_predictor	FAMID42
allowed_predictor	FAMID53
allowed_predictor	FAMID23
allowed_predictor	FAMIDYR
allowed_predictor	CPSFAMID
allowed_predictor	FCSZ1231
allowed_predictor	FCRP1231
allowed_predictor	RULETR31
allowed_predictor	RULETR42
allowed_predictor	RULETR53
allowed_predictor	RULETR23
allowed_predictor	RUSIZE31
allowed_predictor	RUSIZE42
allowed_predictor	RUSIZE53
allowed_predictor	RUSIZE23
allowed_predictor	RUCLAS31
allowed_predictor	RUCLAS42
allowed_predictor	RUCLAS53
allowed_predictor	RUCLAS23
allowed_predictor	FAMSZE31
allowed_predictor	FAMSZE42
allowed_predictor	FAMSZE53
allowed_predictor	FAMSZE23
allowed_predictor	FMRS1231
allowed_predictor	FAMS1231
allowed_predictor	FAMSZEYR
allowed_predictor	FAMRFPYR
allowed_predictor	REGION31
allowed_predictor	REGION42
allowed_predictor	REGION53
allowed_predictor	REGION23
allowed_predictor	REFPRS31
allowed_predictor	REFPRS42
allowed_predictor	REFPRS53
allowed_predictor	REFPRS23
allowed_predictor	RESP31
allowed_predictor	RESP42
allowed_predictor	RESP53
allowed_predictor	RESP23
allowed_predictor	PROXY31
allowed_predictor	PROXY42
allowed_predictor	PROXY53
allowed_predictor	PROXY23
allowed_predictor	INTVLANG
allowed_predictor	INTVTYPE31
allowed_predictor	INTVTYPE42
allowed_predictor	INTVTYPE53
allowed_predictor	BEGRFM31
allowed_predictor	BEGRFY31
allowed_predictor	ENDRFM31
allowed_predictor	ENDRFY31
allowed_predictor	BEGRFM42
allowed_predictor	BEGRFY42
allowed_predictor	ENDRFM42
allowed_predictor	ENDRFY42
allowed_predictor	BEGRFM53
allowed_predictor	BEGRFY53
allowed_predictor	ENDRFM53
allowed_predictor	ENDRFY53
allowed_predictor	ENDRFM23
allowed_predictor	ENDRFY23
allowed_predictor	KEYNESS
allowed_predictor	INSCOP31
allowed_predictor	INSCOP42
allowed_predictor	INSCOP53
allowed_predictor	INSCOP23
allowed_predictor	INSC1231
allowed_predictor	INSCOPE
allowed_predictor	ELGRND31
allowed_predictor	ELGRND42
allowed_predictor	ELGRND53
allowed_predictor	ELGRND23
allowed_predictor	PSTATS31
allowed_predictor	PSTATS42
allowed_predictor	PSTATS53
allowed_predictor	RURSLT31
allowed_predictor	RURSLT42
allowed_predictor	RURSLT53
allowed_predictor	AGE31X
allowed_predictor	AGE42X
allowed_predictor	AGE53X
allowed_predictor	AGE23X
allowed_predictor	AGELAST
allowed_predictor	DOBMM
allowed_predictor	DOBYY
allowed_predictor	SEX
allowed_predictor	RACEV1X
allowed_predictor	RACEV2X
allowed_predictor	RACEAX
allowed_predictor	RACEBX
allowed_predictor	RACEWX
allowed_predictor	RACETHX
allowed_predictor	HISPANX
allowed_predictor	HISPNCAT
allowed_predictor	MARRY31X
allowed_predictor	MARRY42X
allowed_predictor	MARRY53X
allowed_predictor	MARRY23X
allowed_predictor	SPOUID31
allowed_predictor	SPOUID42
allowed_predictor	SPOUID53
allowed_predictor	SPOUID23
allowed_predictor	SPOUIN31
allowed_predictor	SPOUIN42
allowed_predictor	SPOUIN53
allowed_predictor	SPOUIN23
allowed_predictor	EDUCYR
allowed_predictor	HIDEG
allowed_predictor	FTSTU31X
allowed_predictor	FTSTU42X
allowed_predictor	FTSTU53X
allowed_predictor	FTSTU23X
allowed_predictor	ACTDTY31
allowed_predictor	ACTDTY42
allowed_predictor	ACTDTY53
allowed_predictor	EVERSERVED
allowed_predictor	REFRL31X
allowed_predictor	REFRL42X
allowed_predictor	REFRL53X
allowed_predictor	REFRL23X
allowed_predictor	OTHLGSPK
allowed_predictor	WHTLGSPK
allowed_predictor	HWELLSPK
allowed_predictor	BORNUSA
allowed_predictor	YRSINUS
allowed_predictor	MOPID31X
allowed_predictor	MOPID42X
allowed_predictor	MOPID53X
allowed_predictor	DAPID31X
allowed_predictor	DAPID42X
allowed_predictor	DAPID53X
allowed_predictor	HIBPDX
allowed_predictor	HIBPAGED
allowed_predictor	BPMLDX
allowed_predictor	CHDDX
allowed_predictor	CHDAGED
allowed_predictor	ANGIDX
allowed_predictor	ANGIAGED
allowed_predictor	MIDX
allowed_predictor	MIAGED
allowed_predictor	OHRTDX
allowed_predictor	OHRTAGED
allowed_predictor	OHRTTYPE
allowed_predictor	STRKDX
allowed_predictor	STRKAGED
allowed_predictor	EMPHDX
allowed_predictor	EMPHAGED
allowed_predictor	CHBRON31
allowed_predictor	CHOLDX
allowed_predictor	CHOLAGED
allowed_predictor	CANCERDX
allowed_predictor	CABLADDR
allowed_predictor	CABREAST
allowed_predictor	CACERVIX
allowed_predictor	CACOLON
allowed_predictor	CALUNG
allowed_predictor	CALYMPH
allowed_predictor	CAMELANO
allowed_predictor	CAOTHER
allowed_predictor	CAPROSTA
allowed_predictor	CASKINNM
allowed_predictor	CASKINDK
allowed_predictor	CAUTERUS
allowed_predictor	DIABDX_M18
allowed_predictor	DIABAGED
allowed_predictor	JTPAIN31_M18
allowed_predictor	ARTHDX
allowed_predictor	ARTHTYPE
allowed_predictor	ARTHAGED
allowed_predictor	ASTHDX
allowed_predictor	ASTHAGED
allowed_predictor	ASSTIL31
allowed_predictor	ASATAK31
allowed_predictor	ASTHEP31
allowed_predictor	ASACUT31
allowed_predictor	ASMRCN31
allowed_predictor	ASPREV31
allowed_predictor	ASDALY31
allowed_predictor	ASPKFL31
allowed_predictor	ASEVFL31
allowed_predictor	ASWNFL31
allowed_predictor	ADHDADDX
allowed_predictor	ADHDAGED
allowed_predictor	COVIDEVER31
allowed_predictor	COVIDEVER53
allowed_predictor	LCEVER31
allowed_predictor	LCEVER53
allowed_predictor	COVSYMNOW31
allowed_predictor	COVSYMNOW53
allowed_predictor	COVREDABIL31
allowed_predictor	COVREDABIL53
allowed_predictor	COVID12MO31
allowed_predictor	COVID12MO53
allowed_predictor	COVMNTHX31
allowed_predictor	COVMNTHX53
allowed_predictor	COVYRDX31
allowed_predictor	COVYRDX53
allowed_predictor	RTHLTH31
allowed_predictor	RTHLTH42
allowed_predictor	RTHLTH53
allowed_predictor	MNHLTH31
allowed_predictor	MNHLTH42
allowed_predictor	MNHLTH53
allowed_predictor	IADLHP31
allowed_predictor	ADLHLP31
allowed_predictor	AIDHLP31
allowed_predictor	WLKLIM31
allowed_predictor	LFTDIF31
allowed_predictor	STPDIF31
allowed_predictor	WLKDIF31
allowed_predictor	MILDIF31
allowed_predictor	STNDIF31
allowed_predictor	BENDIF31
allowed_predictor	RCHDIF31
allowed_predictor	FNGRDF31
allowed_predictor	ACTLIM31
allowed_predictor	WRKLIM31
allowed_predictor	HSELIM31
allowed_predictor	SCHLIM31
allowed_predictor	UNABLE31
allowed_predictor	SOCLIM31
allowed_predictor	COGLIM31
allowed_predictor	DFHEAR42
allowed_predictor	DFSEE42
allowed_predictor	DFCOG42
allowed_predictor	DFWLKC42
allowed_predictor	DFDRSB42
allowed_predictor	DFERND42
allowed_predictor	ANYLMI23
allowed_predictor	CHPMED42
allowed_predictor	CHPMHB42
allowed_predictor	CHPMCN42
allowed_predictor	CHSERV42
allowed_predictor	CHSRHB42
allowed_predictor	CHSRCN42
allowed_predictor	CHLIMI42
allowed_predictor	CHLIHB42
allowed_predictor	CHLICO42
allowed_predictor	CHTHER42
allowed_predictor	CHTHHB42
allowed_predictor	CHTHCO42
allowed_predictor	CHCOUN42
allowed_predictor	CHEMPB42
allowed_predictor	CSHCN42
allowed_predictor	GETTRB42
allowed_predictor	MOMPRO42
allowed_predictor	DADPRO42
allowed_predictor	UNHAP42
allowed_predictor	SCHLBH42
allowed_predictor	HAVFUN42
allowed_predictor	ADUPRO42
allowed_predictor	NERVAF42
allowed_predictor	SIBPRO42
allowed_predictor	KIDPRO42
allowed_predictor	SPRPRO42
allowed_predictor	SCHPRO42
allowed_predictor	HOMEBH42
allowed_predictor	CHILCR42
allowed_predictor	CHILWW42
allowed_predictor	CHRTCR42
allowed_predictor	CHRTWW42
allowed_predictor	CHAPPT42
allowed_predictor	CHLIST42
allowed_predictor	CHEXPL42
allowed_predictor	CHRESP42
allowed_predictor	CHPRTM42
allowed_predictor	CHHECR42
allowed_predictor	CHSPEC42_M18
allowed_predictor	CHEYRE42_M18
allowed_predictor	LSTETH53
allowed_predictor	PHYEXE53
allowed_predictor	OFTSMK53
allowed_predictor	COVAXEVR31
allowed_predictor	COVAXEVR42
allowed_predictor	COVAXEVR53
allowed_predictor	COVAXNEW31
allowed_predictor	COVAXNEW42
allowed_predictor	COVAXNEW53
allowed_predictor	SAQELIG
allowed_predictor	ADPROX42
allowed_predictor	ADGENH42
allowed_predictor	ADDAYA42
allowed_predictor	ADCLIM42
allowed_predictor	ADACLS42
allowed_predictor	ADWKLM42
allowed_predictor	ADEMLS42
allowed_predictor	ADMWCF42
allowed_predictor	ADPAIN42
allowed_predictor	ADPCFL42
allowed_predictor	ADENGY42
allowed_predictor	ADPRST42
allowed_predictor	ADSOCA42
allowed_predictor	ADNERV42
allowed_predictor	ADHOPE42
allowed_predictor	ADREST42
allowed_predictor	ADSAD42
allowed_predictor	ADEFRT42
allowed_predictor	ADWRTH42
allowed_predictor	K6SUM42
allowed_predictor	ADINTR42
allowed_predictor	ADDPRS42
allowed_predictor	PHQ242
allowed_predictor	ADINSA42
allowed_predictor	ADINSB42
allowed_predictor	ADRISK42
allowed_predictor	ADOVER42
allowed_predictor	ADILCR42
allowed_predictor	ADILWW42
allowed_predictor	ADRTCR42
allowed_predictor	ADRTWW42
allowed_predictor	ADAPPT42
allowed_predictor	ADHECR42
allowed_predictor	ADINST42
allowed_predictor	ADEZUN42
allowed_predictor	ADTLHW42
allowed_predictor	ADFFRM42
allowed_predictor	ADFHLP42
allowed_predictor	ADEXPL42
allowed_predictor	ADLIST42
allowed_predictor	ADRESP42
allowed_predictor	ADPRTM42
allowed_predictor	ADSMOK42
allowed_predictor	ADNSMK42
allowed_predictor	ADSPCL42
allowed_predictor	ADSNSP42
allowed_predictor	VPCS42
allowed_predictor	VMCS42
allowed_predictor	VRFLAG42
allowed_predictor	ADCMPM42
allowed_predictor	ADCMPY42
allowed_predictor	ADLANG42
allowed_predictor	DDNWRK23
allowed_predictor	OTHDYS23
allowed_predictor	OTHNDD23
allowed_predictor	ACCELI42
allowed_predictor	HAVEUS42
allowed_predictor	PRACTP42
allowed_predictor	YNOUSC42_M18
allowed_predictor	PROVTY42_M18
allowed_predictor	PLCTYP42
allowed_predictor	TMTKUS42
allowed_predictor	TYPEPE42
allowed_predictor	LOCATN42
allowed_predictor	HSPLAP42
allowed_predictor	WHITPR42
allowed_predictor	BLCKPR42
allowed_predictor	ASIANP42
allowed_predictor	NATAMP42
allowed_predictor	PACISP42
allowed_predictor	OTHRCP42
allowed_predictor	PROVSEX42
allowed_predictor	PHNREG42
allowed_predictor	OFFHOU42
allowed_predictor	AFTHOU42
allowed_predictor	TREATM42
allowed_predictor	DECIDE42
allowed_predictor	EXPLOP42
allowed_predictor	PRVSPK42
allowed_predictor	DLAYCA42
allowed_predictor	AFRDCA42
allowed_predictor	DLAYDN42
allowed_predictor	AFRDDN42
allowed_predictor	DLAYPM42
allowed_predictor	AFRDPM42
allowed_predictor	EMPST31
allowed_predictor	EMPST42
allowed_predictor	EMPST53
allowed_predictor	RNDFLG31
allowed_predictor	MORJOB31
allowed_predictor	MORJOB42
allowed_predictor	MORJOB53
allowed_predictor	EVRWRK
allowed_predictor	HRWG31X
allowed_predictor	HRWG42X
allowed_predictor	HRWG53X
allowed_predictor	HRWGIM31
allowed_predictor	HRWGIM42
allowed_predictor	HRWGIM53
allowed_predictor	HRHOW31
allowed_predictor	HRHOW42
allowed_predictor	HRHOW53
allowed_predictor	DIFFWG31
allowed_predictor	DIFFWG42
allowed_predictor	DIFFWG53
allowed_predictor	NHRWGRND31
allowed_predictor	NHRWGRND42
allowed_predictor	NHRWGRND53
allowed_predictor	NHRWG31_M23
allowed_predictor	NHRWG42_M23
allowed_predictor	NHRWG53_M23
allowed_predictor	HOUR31
allowed_predictor	HOUR42
allowed_predictor	HOUR53
allowed_predictor	TEMPJB31
allowed_predictor	TEMPJB42
allowed_predictor	TEMPJB53
allowed_predictor	SSNLJB31
allowed_predictor	SSNLJB42
allowed_predictor	SSNLJB53
allowed_predictor	SELFCM31
allowed_predictor	SELFCM42
allowed_predictor	SELFCM53
allowed_predictor	DISVW31X
allowed_predictor	DISVW42X
allowed_predictor	DISVW53X
allowed_predictor	CHOIC31
allowed_predictor	CHOIC42
allowed_predictor	CHOIC53
allowed_predictor	INDCAT31
allowed_predictor	INDCAT31_17
allowed_predictor	INDCAT42_17
allowed_predictor	INDCAT53_17
allowed_predictor	NUMEMP31
allowed_predictor	NUMEMP42
allowed_predictor	NUMEMP53
allowed_predictor	MORE31
allowed_predictor	MORE42
allowed_predictor	MORE53
allowed_predictor	UNION31
allowed_predictor	UNION42
allowed_predictor	UNION53
allowed_predictor	NWK31
allowed_predictor	NWK42
allowed_predictor	NWK53
allowed_predictor	CHGJ3142
allowed_predictor	CHGJ4253
allowed_predictor	YCHJ3142
allowed_predictor	YCHJ4253
allowed_predictor	STJBMM31
allowed_predictor	STJBYY31
allowed_predictor	STJBMM42
allowed_predictor	STJBYY42
allowed_predictor	STJBMM53
allowed_predictor	STJBYY53
allowed_predictor	EVRETIRE
allowed_predictor	OCCCAT31
allowed_predictor	OCCCAT31_18
allowed_predictor	OCCCAT42_18
allowed_predictor	OCCCAT53_18
allowed_predictor	PAYVAC31
allowed_predictor	PAYVAC42
allowed_predictor	PAYVAC53
allowed_predictor	SICPAY31
allowed_predictor	SICPAY42
allowed_predictor	SICPAY53
allowed_predictor	PAYDR31
allowed_predictor	PAYDR42
allowed_predictor	PAYDR53
allowed_predictor	RETPLN31
allowed_predictor	RETPLN42
allowed_predictor	RETPLN53
allowed_predictor	BSNTY31
allowed_predictor	BSNTY42
allowed_predictor	BSNTY53
allowed_predictor	JOBORG31
allowed_predictor	JOBORG42
allowed_predictor	JOBORG53
allowed_predictor	HELD31X
allowed_predictor	HELD42X
allowed_predictor	HELD53X
allowed_predictor	OFFER31X
allowed_predictor	OFFER42X
allowed_predictor	OFFER53X
allowed_predictor	OFREMP31
allowed_predictor	OFREMP42
allowed_predictor	OFREMP53
allowed_predictor	EMPST31H
allowed_predictor	EMPST42H
allowed_predictor	EMPST53H
allowed_predictor	SLFCM31H
allowed_predictor	SLFCM42H
allowed_predictor	SLFCM53H
allowed_predictor	NMEMP31H
allowed_predictor	NMEMP42H
allowed_predictor	NMEMP53H
allowed_predictor	MORE31H
allowed_predictor	MORE42H
allowed_predictor	MORE53H
allowed_predictor	INDCT31H
allowed_predictor	INDCT31H_17
allowed_predictor	INDCT42H_17
allowed_predictor	INDCT53H_17
allowed_predictor	OCCCT31H
allowed_predictor	OCCCT31H_18
allowed_predictor	OCCCT42H_18
allowed_predictor	OCCCT53H_18
allowed_predictor	HOUR31H
allowed_predictor	HOUR42H
allowed_predictor	HOUR53H
allowed_predictor	JBORG31H
allowed_predictor	JBORG42H
allowed_predictor	JBORG53H
allowed_predictor	UNION31H
allowed_predictor	UNION42H
allowed_predictor	UNION53H
allowed_predictor	BSNTY31H
allowed_predictor	BSNTY42H
allowed_predictor	BSNTY53H
allowed_predictor	HRWG31H
allowed_predictor	HRWG42H
allowed_predictor	HRWG53H
allowed_predictor	CMJHLD31
allowed_predictor	CMJHLD42
allowed_predictor	CMJHLD53
allowed_predictor	OFFER31H
allowed_predictor	OFFER42H
allowed_predictor	OFFER53H
allowed_predictor	OFEMP31H
allowed_predictor	OFEMP42H
allowed_predictor	OFEMP53H
allowed_predictor	PYVAC31H
allowed_predictor	PYVAC42H
allowed_predictor	PYVAC53H
allowed_predictor	SCPAY31H
allowed_predictor	SCPAY42H
allowed_predictor	SCPAY53H
allowed_predictor	PAYDR31H
allowed_predictor	PAYDR42H
allowed_predictor	PAYDR53H
allowed_predictor	RTPLN31H
allowed_predictor	RTPLN42H
allowed_predictor	RTPLN53H
allowed_predictor	FILEDR23
allowed_predictor	WILFIL23
allowed_predictor	FLSTAT23
allowed_predictor	FILER23
allowed_predictor	JTINRU23
allowed_predictor	JNTPID23
allowed_predictor	TAXFRM23
allowed_predictor	FOODST23
allowed_predictor	FOODMN23
allowed_predictor	FOODVL23
allowed_predictor	TTLP23X
allowed_predictor	FAMINC23
allowed_predictor	POVCAT23
allowed_predictor	POVLEV23
allowed_predictor	WAGEP23X
allowed_predictor	WAGIMP23
allowed_predictor	BUSNP23X
allowed_predictor	BUSIMP23
allowed_predictor	UNEMP23X
allowed_predictor	UNEIMP23
allowed_predictor	WCMPP23X
allowed_predictor	WCPIMP23
allowed_predictor	INTRP23X
allowed_predictor	INTIMP23
allowed_predictor	DIVDP23X
allowed_predictor	DIVIMP23
allowed_predictor	SALEP23X
allowed_predictor	SALIMP23
allowed_predictor	PENSP23X
allowed_predictor	PENIMP23
allowed_predictor	SSECP23X
allowed_predictor	SSCIMP23
allowed_predictor	TRSTP23X
allowed_predictor	TRTIMP23
allowed_predictor	VETSP23X
allowed_predictor	VETIMP23
allowed_predictor	IRASP23X
allowed_predictor	IRAIMP23
allowed_predictor	ALIMP23X
allowed_predictor	ALIIMP23
allowed_predictor	CHLDP23X
allowed_predictor	CHLIMP23
allowed_predictor	CASHP23X
allowed_predictor	CSHIMP23
allowed_predictor	SSIP23X
allowed_predictor	SSIIMP23
allowed_predictor	PUBP23X
allowed_predictor	PUBIMP23
allowed_predictor	OTHRP23X
allowed_predictor	OTHIMP23
allowed_predictor	HIEUIDX
allowed_predictor	TRIJA23X
allowed_predictor	TRIFE23X
allowed_predictor	TRIMA23X
allowed_predictor	TRIAP23X
allowed_predictor	TRIMY23X
allowed_predictor	TRIJU23X
allowed_predictor	TRIJL23X
allowed_predictor	TRIAU23X
allowed_predictor	TRISE23X
allowed_predictor	TRIOC23X
allowed_predictor	TRINO23X
allowed_predictor	TRIDE23X
allowed_predictor	MCRJA23
allowed_predictor	MCRFE23
allowed_predictor	MCRMA23
allowed_predictor	MCRAP23
allowed_predictor	MCRMY23
allowed_predictor	MCRJU23
allowed_predictor	MCRJL23
allowed_predictor	MCRAU23
allowed_predictor	MCRSE23
allowed_predictor	MCROC23
allowed_predictor	MCRNO23
allowed_predictor	MCRDE23
allowed_predictor	MCRJA23X
allowed_predictor	MCRFE23X
allowed_predictor	MCRMA23X
allowed_predictor	MCRAP23X
allowed_predictor	MCRMY23X
allowed_predictor	MCRJU23X
allowed_predictor	MCRJL23X
allowed_predictor	MCRAU23X
allowed_predictor	MCRSE23X
allowed_predictor	MCROC23X
allowed_predictor	MCRNO23X
allowed_predictor	MCRDE23X
allowed_predictor	MCDJA23
allowed_predictor	MCDFE23
allowed_predictor	MCDMA23
allowed_predictor	MCDAP23
allowed_predictor	MCDMY23
allowed_predictor	MCDJU23
allowed_predictor	MCDJL23
allowed_predictor	MCDAU23
allowed_predictor	MCDSE23
allowed_predictor	MCDOC23
allowed_predictor	MCDNO23
allowed_predictor	MCDDE23
allowed_predictor	MCDJA23X
allowed_predictor	MCDFE23X
allowed_predictor	MCDMA23X
allowed_predictor	MCDAP23X
allowed_predictor	MCDMY23X
allowed_predictor	MCDJU23X
allowed_predictor	MCDJL23X
allowed_predictor	MCDAU23X
allowed_predictor	MCDSE23X
allowed_predictor	MCDOC23X
allowed_predictor	MCDNO23X
allowed_predictor	MCDDE23X
allowed_predictor	GVAJA23
allowed_predictor	GVAFE23
allowed_predictor	GVAMA23
allowed_predictor	GVAAP23
allowed_predictor	GVAMY23
allowed_predictor	GVAJU23
allowed_predictor	GVAJL23
allowed_predictor	GVAAU23
allowed_predictor	GVASE23
allowed_predictor	GVAOC23
allowed_predictor	GVANO23
allowed_predictor	GVADE23
allowed_predictor	GVBJA23
allowed_predictor	GVBFE23
allowed_predictor	GVBMA23
allowed_predictor	GVBAP23
allowed_predictor	GVBMY23
allowed_predictor	GVBJU23
allowed_predictor	GVBJL23
allowed_predictor	GVBAU23
allowed_predictor	GVBSE23
allowed_predictor	GVBOC23
allowed_predictor	GVBNO23
allowed_predictor	GVBDE23
allowed_predictor	GVCJA23
allowed_predictor	GVCFE23
allowed_predictor	GVCMA23
allowed_predictor	GVCAP23
allowed_predictor	GVCMY23
allowed_predictor	GVCJU23
allowed_predictor	GVCJL23
allowed_predictor	GVCAU23
allowed_predictor	GVCSE23
allowed_predictor	GVCOC23
allowed_predictor	GVCNO23
allowed_predictor	GVCDE23
allowed_predictor	VAPJA23
allowed_predictor	VAPFE23
allowed_predictor	VAPMA23
allowed_predictor	VAPAP23
allowed_predictor	VAPMY23
allowed_predictor	VAPJU23
allowed_predictor	VAPJL23
allowed_predictor	VAPAU23
allowed_predictor	VAPSE23
allowed_predictor	VAPOC23
allowed_predictor	VAPNO23
allowed_predictor	VAPDE23
allowed_predictor	IHSJA23
allowed_predictor	IHSFE23
allowed_predictor	IHSMA23
allowed_predictor	IHSAP23
allowed_predictor	IHSMY23
allowed_predictor	IHSJU23
allowed_predictor	IHSJL23
allowed_predictor	IHSAU23
allowed_predictor	IHSSE23
allowed_predictor	IHSOC23
allowed_predictor	IHSNO23
allowed_predictor	IHSDE23
allowed_predictor	PUBJA23X
allowed_predictor	PUBFE23X
allowed_predictor	PUBMA23X
allowed_predictor	PUBAP23X
allowed_predictor	PUBMY23X
allowed_predictor	PUBJU23X
allowed_predictor	PUBJL23X
allowed_predictor	PUBAU23X
allowed_predictor	PUBSE23X
allowed_predictor	PUBOC23X
allowed_predictor	PUBNO23X
allowed_predictor	PUBDE23X
allowed_predictor	PEGJA23
allowed_predictor	PEGFE23
allowed_predictor	PEGMA23
allowed_predictor	PEGAP23
allowed_predictor	PEGMY23
allowed_predictor	PEGJU23
allowed_predictor	PEGJL23
allowed_predictor	PEGAU23
allowed_predictor	PEGSE23
allowed_predictor	PEGOC23
allowed_predictor	PEGNO23
allowed_predictor	PEGDE23
allowed_predictor	PDKJA23
allowed_predictor	PDKFE23
allowed_predictor	PDKMA23
allowed_predictor	PDKAP23
allowed_predictor	PDKMY23
allowed_predictor	PDKJU23
allowed_predictor	PDKJL23
allowed_predictor	PDKAU23
allowed_predictor	PDKSE23
allowed_predictor	PDKOC23
allowed_predictor	PDKNO23
allowed_predictor	PDKDE23
allowed_predictor	PNGJA23
allowed_predictor	PNGFE23
allowed_predictor	PNGMA23
allowed_predictor	PNGAP23
allowed_predictor	PNGMY23
allowed_predictor	PNGJU23
allowed_predictor	PNGJL23
allowed_predictor	PNGAU23
allowed_predictor	PNGSE23
allowed_predictor	PNGOC23
allowed_predictor	PNGNO23
allowed_predictor	PNGDE23
allowed_predictor	POGJA23
allowed_predictor	POGFE23
allowed_predictor	POGMA23
allowed_predictor	POGAP23
allowed_predictor	POGMY23
allowed_predictor	POGJU23
allowed_predictor	POGJL23
allowed_predictor	POGAU23
allowed_predictor	POGSE23
allowed_predictor	POGOC23
allowed_predictor	POGNO23
allowed_predictor	POGDE23
allowed_predictor	POEJA23
allowed_predictor	POEFE23
allowed_predictor	POEMA23
allowed_predictor	POEAP23
allowed_predictor	POEMY23
allowed_predictor	POEJU23
allowed_predictor	POEJL23
allowed_predictor	POEAU23
allowed_predictor	POESE23
allowed_predictor	POEOC23
allowed_predictor	POENO23
allowed_predictor	POEDE23
allowed_predictor	PNEJA23
allowed_predictor	PNEFE23
allowed_predictor	PNEMA23
allowed_predictor	PNEAP23
allowed_predictor	PNEMY23
allowed_predictor	PNEJU23
allowed_predictor	PNEJL23
allowed_predictor	PNEAU23
allowed_predictor	PNESE23
allowed_predictor	PNEOC23
allowed_predictor	PNENO23
allowed_predictor	PNEDE23
allowed_predictor	PRXJA23
allowed_predictor	PRXFE23
allowed_predictor	PRXMA23
allowed_predictor	PRXAP23
allowed_predictor	PRXMY23
allowed_predictor	PRXJU23
allowed_predictor	PRXJL23
allowed_predictor	PRXAU23
allowed_predictor	PRXSE23
allowed_predictor	PRXOC23
allowed_predictor	PRXNO23
allowed_predictor	PRXDE23
allowed_predictor	PRIJA23
allowed_predictor	PRIFE23
allowed_predictor	PRIMA23
allowed_predictor	PRIAP23
allowed_predictor	PRIMY23
allowed_predictor	PRIJU23
allowed_predictor	PRIJL23
allowed_predictor	PRIAU23
allowed_predictor	PRISE23
allowed_predictor	PRIOC23
allowed_predictor	PRINO23
allowed_predictor	PRIDE23
allowed_predictor	HPEJA23
allowed_predictor	HPEFE23
allowed_predictor	HPEMA23
allowed_predictor	HPEAP23
allowed_predictor	HPEMY23
allowed_predictor	HPEJU23
allowed_predictor	HPEJL23
allowed_predictor	HPEAU23
allowed_predictor	HPESE23
allowed_predictor	HPEOC23
allowed_predictor	HPENO23
allowed_predictor	HPEDE23
allowed_predictor	HPDJA23
allowed_predictor	HPDFE23
allowed_predictor	HPDMA23
allowed_predictor	HPDAP23
allowed_predictor	HPDMY23
allowed_predictor	HPDJU23
allowed_predictor	HPDJL23
allowed_predictor	HPDAU23
allowed_predictor	HPDSE23
allowed_predictor	HPDOC23
allowed_predictor	HPDNO23
allowed_predictor	HPDDE23
allowed_predictor	HPNJA23
allowed_predictor	HPNFE23
allowed_predictor	HPNMA23
allowed_predictor	HPNAP23
allowed_predictor	HPNMY23
allowed_predictor	HPNJU23
allowed_predictor	HPNJL23
allowed_predictor	HPNAU23
allowed_predictor	HPNSE23
allowed_predictor	HPNOC23
allowed_predictor	HPNNO23
allowed_predictor	HPNDE23
allowed_predictor	HPOJA23
allowed_predictor	HPOFE23
allowed_predictor	HPOMA23
allowed_predictor	HPOAP23
allowed_predictor	HPOMY23
allowed_predictor	HPOJU23
allowed_predictor	HPOJL23
allowed_predictor	HPOAU23
allowed_predictor	HPOSE23
allowed_predictor	HPOOC23
allowed_predictor	HPONO23
allowed_predictor	HPODE23
allowed_predictor	HPXJA23
allowed_predictor	HPXFE23
allowed_predictor	HPXMA23
allowed_predictor	HPXAP23
allowed_predictor	HPXMY23
allowed_predictor	HPXJU23
allowed_predictor	HPXJL23
allowed_predictor	HPXAU23
allowed_predictor	HPXSE23
allowed_predictor	HPXOC23
allowed_predictor	HPXNO23
allowed_predictor	HPXDE23
allowed_predictor	HPRJA23
allowed_predictor	HPRFE23
allowed_predictor	HPRMA23
allowed_predictor	HPRAP23
allowed_predictor	HPRMY23
allowed_predictor	HPRJU23
allowed_predictor	HPRJL23
allowed_predictor	HPRAU23
allowed_predictor	HPRSE23
allowed_predictor	HPROC23
allowed_predictor	HPRNO23
allowed_predictor	HPRDE23
allowed_predictor	INSJA23X
allowed_predictor	INSFE23X
allowed_predictor	INSMA23X
allowed_predictor	INSAP23X
allowed_predictor	INSMY23X
allowed_predictor	INSJU23X
allowed_predictor	INSJL23X
allowed_predictor	INSAU23X
allowed_predictor	INSSE23X
allowed_predictor	INSOC23X
allowed_predictor	INSNO23X
allowed_predictor	INSDE23X
allowed_predictor	PRVEV23
allowed_predictor	TRIEV23
allowed_predictor	MCREV23
allowed_predictor	MCDEV23
allowed_predictor	VAEV23
allowed_predictor	GVAEV23
allowed_predictor	GVBEV23
allowed_predictor	GVCEV23
allowed_predictor	UNINS23
allowed_predictor	INSCOV23
allowed_predictor	INSURC23
allowed_predictor	TRICH31X
allowed_predictor	TRICH42X
allowed_predictor	TRICH23X
allowed_predictor	TRI31X
allowed_predictor	TRI42X
allowed_predictor	TRI23X
allowed_predictor	MCRPHD31
allowed_predictor	MCRPHD42
allowed_predictor	MCRPHD23
allowed_predictor	MCRPD31
allowed_predictor	MCRPD42
allowed_predictor	MCRPD23
allowed_predictor	MCRPD31X
allowed_predictor	MCRPD42X
allowed_predictor	MCRPD23X
allowed_predictor	MCRPHO31
allowed_predictor	MCRPHO42
allowed_predictor	MCRPHO23
allowed_predictor	MCDHMO31
allowed_predictor	MCDHMO42
allowed_predictor	MCDHMO23
allowed_predictor	MCDMC31
allowed_predictor	MCDMC42
allowed_predictor	MCDMC23
allowed_predictor	PRVHMO31_M23
allowed_predictor	PRVHMO42_M23
allowed_predictor	PRVHMO23_M23
allowed_predictor	FSAGT31
allowed_predictor	HASFSA31
allowed_predictor	PFSAMT31
allowed_predictor	PREVCOVR
allowed_predictor	MORECOVR
allowed_predictor	TRICR31X
allowed_predictor	TRICR42X
allowed_predictor	TRICR53X
allowed_predictor	TRICR23X
allowed_predictor	TRIAT31X
allowed_predictor	TRIAT42X
allowed_predictor	TRIAT53X
allowed_predictor	TRIAT23X
allowed_predictor	MCAID31
allowed_predictor	MCAID42
allowed_predictor	MCAID53
allowed_predictor	MCAID23
allowed_predictor	MCAID31X
allowed_predictor	MCAID42X
allowed_predictor	MCAID53X
allowed_predictor	MCAID23X
allowed_predictor	MCARE31
allowed_predictor	MCARE42
allowed_predictor	MCARE53
allowed_predictor	MCARE23
allowed_predictor	MCARE31X
allowed_predictor	MCARE42X
allowed_predictor	MCARE53X
allowed_predictor	MCARE23X
allowed_predictor	MCDAT31X
allowed_predictor	MCDAT42X
allowed_predictor	MCDAT53X
allowed_predictor	MCDAT23X
allowed_predictor	GOVTA31
allowed_predictor	GOVTA42
allowed_predictor	GOVTA53
allowed_predictor	GOVTA23
allowed_predictor	GOVAAT31
allowed_predictor	GOVAAT42
allowed_predictor	GOVAAT53
allowed_predictor	GOVAAT23
allowed_predictor	GOVTB31
allowed_predictor	GOVTB42
allowed_predictor	GOVTB53
allowed_predictor	GOVTB23
allowed_predictor	GOVBAT31
allowed_predictor	GOVBAT42
allowed_predictor	GOVBAT53
allowed_predictor	GOVBAT23
allowed_predictor	GOVTC31
allowed_predictor	GOVTC42
allowed_predictor	GOVTC53
allowed_predictor	GOVTC23
allowed_predictor	GOVCAT31
allowed_predictor	GOVCAT42
allowed_predictor	GOVCAT53
allowed_predictor	GOVCAT23
allowed_predictor	VAPROG31
allowed_predictor	VAPROG42
allowed_predictor	VAPROG53
allowed_predictor	VAPROG23
allowed_predictor	VAPRAT31
allowed_predictor	VAPRAT42
allowed_predictor	VAPRAT53
allowed_predictor	VAPRAT23
allowed_predictor	IHS31
allowed_predictor	IHS42
allowed_predictor	IHS53
allowed_predictor	IHS23
allowed_predictor	IHSAT31
allowed_predictor	IHSAT42
allowed_predictor	IHSAT53
allowed_predictor	IHSAT23
allowed_predictor	PRIDK31
allowed_predictor	PRIDK42
allowed_predictor	PRIDK53
allowed_predictor	PRIDK23
allowed_predictor	PRIEU31
allowed_predictor	PRIEU42
allowed_predictor	PRIEU53
allowed_predictor	PRIEU23
allowed_predictor	PRING31
allowed_predictor	PRING42
allowed_predictor	PRING53
allowed_predictor	PRING23
allowed_predictor	PRIOG31
allowed_predictor	PRIOG42
allowed_predictor	PRIOG53
allowed_predictor	PRIOG23
allowed_predictor	PRINEO31
allowed_predictor	PRINEO42
allowed_predictor	PRINEO53
allowed_predictor	PRINEO23
allowed_predictor	PRIEUO31
allowed_predictor	PRIEUO42
allowed_predictor	PRIEUO53
allowed_predictor	PRIEUO23
allowed_predictor	PRSTX31
allowed_predictor	PRSTX42
allowed_predictor	PRSTX53
allowed_predictor	PRSTX23
allowed_predictor	PRIV31
allowed_predictor	PRIV42
allowed_predictor	PRIV53
allowed_predictor	PRIV23
allowed_predictor	PRIVAT31
allowed_predictor	PRIVAT42
allowed_predictor	PRIVAT53
allowed_predictor	PRIVAT23
allowed_predictor	PUB31X
allowed_predictor	PUB42X
allowed_predictor	PUB53X
allowed_predictor	PUB23X
allowed_predictor	PUBAT31X
allowed_predictor	PUBAT42X
allowed_predictor	PUBAT53X
allowed_predictor	PUBAT23X
allowed_predictor	VERFLG31
allowed_predictor	VERFLG42
allowed_predictor	VERFLG23
allowed_predictor	INS31X
allowed_predictor	INS42X
allowed_predictor	INS53X
allowed_predictor	INS23X
allowed_predictor	INSAT31X
allowed_predictor	INSAT42X
allowed_predictor	INSAT53X
allowed_predictor	INSAT23X
allowed_predictor	DENTIN31_M23
allowed_predictor	DENTIN42_M23
allowed_predictor	DENTIN53_M23
allowed_predictor	DNTINS31_M23
allowed_predictor	DNTINS23_M23
allowed_predictor	PMEDIN31
allowed_predictor	PMEDIN42
allowed_predictor	PMEDIN53
allowed_predictor	PMDINS31
allowed_predictor	PMDINS23
allowed_predictor	PROBPY42
allowed_predictor	CRFMPY42
allowed_predictor	PYUNBL42
allowed_predictor	PMEDUP31
allowed_predictor	PMEDUP42
allowed_predictor	PMEDUP53
allowed_predictor	PMEDPY31
allowed_predictor	PMEDPY42
allowed_predictor	PMEDPY53
allowed_predictor	HHTOTD23
allowed_predictor	HHAGD23
allowed_predictor	HHINDD23
allowed_predictor	HHINFD23
